Audience Description,Topic Extraction,Retrieved Data,Model Output,retrieved_clusters,Updated Model Output 1,Updated Model Output 2,audience_name_1,audience_oneliner_1,audience_summary_1,audience_name_2,audience_oneliner_2,audience_summary_2,audience_name_3,audience_oneliner_3,audience_summary_3,attribute_1,attribute_2,attribute_3
People who prioritize sustainability and are interested in environmentally friendly transportation options.,"[Sustainability, Eco-Conscious, Green Transportation, Electric Vehicles, Public Transportation, Bicycles]","{""Sustainability"": [""Green Living Attitudinal Segments"", ""Sustainability Attitude""], ""Eco-Conscious"": [""Green Living Attitudinal Segments"", ""Sustainability Attitude""], ""Green Transportation"": [""Switch to Electric"", ""Switch to Alternative Fuel"", ""Switch to Electric Luxury"", ""Switch to PHEV"", ""Switch to Pickup""], ""Electric Vehicles"": [""Electric Car"", ""Electric Non-Luxury"", ""Electric CUV/SUV"", ""Electric Luxury"", ""Alternative Fuel Car""], ""Public Transportation"": [""Taxi and Rideshare""], ""Bicycles"": [""Bicycling"", ""Mountain Biking on TV"", ""Cycling on TV""]}",('Green Living Attitudinal Segments' OR 'Sustainability Attitude') AND ('Switch to Electric' OR 'Switch to Alternative Fuel' OR 'Switch to Electric Luxury' OR 'Switch to PHEV' OR 'Switch to Pickup') AND ('Electric Car' OR 'Electric Non-Luxury' OR 'Electric CUV/SUV' OR 'Electric Luxury' OR 'Alternative Fuel Car') AND ('Taxi and Rideshare') AND ('Bicycling' OR 'Mountain Biking on TV' OR 'Cycling on TV'),"(['Public Transportation', ['Car Rental Companies - Enterprise', 'Car Rental Companies - Avis', 'Car Rental Companies - Hertz']], ['Electric Vehicles', ['Volkswagen Golf', 'Volkswagen', 'Volkswagen e-Golf']], ['Bicycles', ['Outdoors Activities', 'Sports Events', 'Sports/Outdoors']], ['Green Transportation', ['Electric', 'Switched to Electric', 'Used Electric']], ['Sustainability', ['Environmental/Wildlife  Donation', 'Charitable Organization  Donation', 'Environmental  Donation']], ['Eco-Conscious', ['Environmental/Wildlife  Donation', 'Charitable Organization  Donation', 'Environmental  Donation']])",('Green Living Attitudinal Segments' OR 'Sustainability Attitude') AND ('Switch to Electric' OR 'Switch to Alternative Fuel' OR 'Switch to Electric Luxury' OR 'Switch to PHEV' OR 'Switch to Pickup') AND ('Electric Car' OR 'Electric Non-Luxury' OR 'Electric CUV/SUV' OR 'Electric Luxury' OR 'Alternative Fuel Car') AND ('Car Rental Companies - Enterprise' OR 'Car Rental Companies - Avis' OR 'Car Rental Companies - Hertz') AND ('Bicycling' OR 'Mountain Biking on TV' OR 'Cycling on TV'),('Green Living Attitudinal Segments' OR 'Sustainability Attitude') AND ('Switch to Electric' OR 'Switch to Alternative Fuel' OR 'Switch to Electric Luxury' OR 'Switch to PHEV' OR 'Switch to Pickup') AND ('Volkswagen Golf' OR 'Volkswagen' OR 'Volkswagen e-Golf') AND ('Taxi and Rideshare') AND ('Bicycling' OR 'Mountain Biking on TV' OR 'Cycling on TV'),Eco-Conscious Auto Enthusiasts,Eco-Conscious Auto Enthusiasts are individuals who are deeply concerned about environmental issues and are likely to switch to or currently own electric or alternative fuel vehicles. They actively engage in green practices and are willing to spend extra on sustainable products.,"#### Lifestyle
 **Lifestyle**
Eco-Conscious Auto Enthusiasts are deeply concerned about environmental issues and take climate change very seriously. They believe that individual activities can make a difference to help the environment and actively engage in green practices such as limiting disposable utensils, saving water/electricity, upcycling, and donating used items. They place a great deal of responsibility on brands and strongly believe that brands need to make an effort to be environmentally friendly. They also feel a deep connection to nature and passionately spread the word about the importance of sustainability. Despite their good intentions, they prefer green practices that are convenient in terms of time and cost.



#### Auto
 **Auto**
This audience is likely to be in the market to buy an Electric CUV/SUV, Electric vehicle, Electric Luxury vehicle, Alternate Fuel Hybrid vehicle, or Plug-in Hybrid Electric vehicle in the next 180 days. They may also currently own Electric Cars, Electric Non-Luxury vehicles, Electric CUV/SUVs, Electric Luxury vehicles, or Alternate Fuel Cars. Their interest in electric and alternative fuel vehicles aligns with their environmental concerns and sustainable lifestyle choices.



#### Travel
 **Travel**
Eco-Conscious Auto Enthusiasts are heavy buyers in the taxi and rideshare category, indicating a preference for convenient and potentially more sustainable transportation options. They are likely to spend significantly on services like Uber and Lyft, which may offer electric or hybrid vehicle options.



#### Sports/outdoors
 **Sports/Outdoors**
This audience has a strong interest in bicycling, both online and on TV. They are likely to visit websites related to biking and spend time watching cycling sports on television. This interest in cycling further reflects their commitment to environmentally friendly and active lifestyles.
",Tech-Savvy Eco Drivers,"Tech-Savvy Eco Drivers are individuals who prioritize both technological advancements and environmental sustainability. They are inclined towards electric and alternative fuel vehicles and actively seek out innovative and eco-friendly transportation solutions. They are financially capable and willing to invest in cutting-edge, sustainable products.","#### Lifestyle
 **Lifestyle**
Tech-Savvy Eco Drivers are deeply concerned about environmental issues and believe that individual actions can make a significant difference. They actively engage in green practices such as saving water and electricity, upcycling, and donating used items. They are financially capable and willing to spend extra on sustainable products. They place a high level of responsibility on brands to be environmentally friendly and appreciate brands that invest in long-term sustainability programs and educate consumers about environmental issues. Despite their strong environmental beliefs, they prefer green practices that are convenient in terms of time and cost.



#### Auto
 **Auto**
This audience is highly likely to be in the market for electric and alternative fuel vehicles, including Electric CUV/SUVs, Electric Luxury vehicles, Alternate Fuel Hybrid vehicles, and Plug-in Hybrid Electric vehicles in the next 180 days. They may also currently own Electric Cars, Electric Non-Luxury vehicles, Electric CUV/SUVs, Electric Luxury vehicles, or Alternate Fuel Cars. Their interest in these vehicles aligns with their commitment to sustainability and their preference for technologically advanced solutions.



#### Travel
 **Travel**
Tech-Savvy Eco Drivers are heavy users of taxi and rideshare services, indicating a preference for convenient and potentially more sustainable transportation options. They are likely to spend significantly on services like Uber and Lyft, which may offer electric or hybrid vehicle options.



#### Sports/outdoors
 **Sports/Outdoors**
This audience has a strong interest in bicycling, both online and on TV. They are likely to visit websites related to biking and spend time watching cycling sports on television. This interest in cycling further reflects their commitment to environmentally friendly and active lifestyles.
",Eco-Conscious Travelers,Eco-Conscious Travelers are individuals who prioritize environmental sustainability and convenience in their transportation choices. They are inclined towards electric and alternative fuel vehicles and actively seek out eco-friendly travel options. They are financially capable and willing to invest in sustainable products and services that align with their green values.,"#### Lifestyle
 **Lifestyle**
Eco-Conscious Travelers are deeply concerned about environmental issues and take climate change very seriously. They believe that individual activities can make a difference to help the environment and actively engage in green practices such as limiting disposable utensils, saving water/electricity, upcycling, and donating used items. They place a great deal of responsibility on brands and strongly believe that brands need to make an effort to be environmentally friendly. They also feel a deep connection to nature and passionately spread the word about the importance of sustainability. Despite their good intentions, they prefer green practices that are convenient in terms of time and cost.



#### Auto
 **Auto**
This audience is likely to be in the market to buy an Electric CUV/SUV, Electric vehicle, Electric Luxury vehicle, Alternate Fuel Hybrid vehicle, or Plug-in Hybrid Electric vehicle in the next 180 days. They may also currently own Electric Cars, Electric Non-Luxury vehicles, Electric CUV/SUVs, Electric Luxury vehicles, or Alternate Fuel Cars. Their interest in electric and alternative fuel vehicles aligns with their environmental concerns and sustainable lifestyle choices.



#### Travel
 **Travel**
Eco-Conscious Travelers are heavy buyers in the taxi and rideshare category, indicating a preference for convenient and potentially more sustainable transportation options. They are likely to spend significantly on services like Uber and Lyft, which may offer electric or hybrid vehicle options.



#### Sports/outdoors
 **Sports/Outdoors**
This audience has a strong interest in bicycling, both online and on TV. They are likely to visit websites related to biking and spend time watching cycling sports on television. This interest in cycling further reflects their commitment to environmentally friendly and active lifestyles.
",('Green Living Attitudinal Segments' OR 'Sustainability Attitude') AND ('Switch to Electric' OR 'Switch to Alternative Fuel' OR 'Switch to Electric Luxury' OR 'Switch to PHEV' OR 'Switch to Pickup') AND ('Electric Car' OR 'Electric Non-Luxury' OR 'Electric CUV/SUV' OR 'Electric Luxury' OR 'Alternative Fuel Car') AND ('Taxi and Rideshare') AND ('Bicycling' OR 'Mountain Biking on TV' OR 'Cycling on TV'),('Green Living Attitudinal Segments' OR 'Sustainability Attitude') AND ('Switch to Electric' OR 'Switch to Alternative Fuel' OR 'Switch to Electric Luxury' OR 'Switch to PHEV' OR 'Switch to Pickup') AND ('Electric Car' OR 'Electric Non-Luxury' OR 'Electric CUV/SUV' OR 'Electric Luxury' OR 'Alternative Fuel Car') AND ('Car Rental Companies - Enterprise' OR 'Car Rental Companies - Avis' OR 'Car Rental Companies - Hertz') AND ('Bicycling' OR 'Mountain Biking on TV' OR 'Cycling on TV'),('Green Living Attitudinal Segments' OR 'Sustainability Attitude') AND ('Switch to Electric' OR 'Switch to Alternative Fuel' OR 'Switch to Electric Luxury' OR 'Switch to PHEV' OR 'Switch to Pickup') AND ('Volkswagen Golf' OR 'Volkswagen' OR 'Volkswagen e-Golf') AND ('Taxi and Rideshare') AND ('Bicycling' OR 'Mountain Biking on TV' OR 'Cycling on TV')
People who have the financial means to invest in luxury vehicles and also value sustainability in their purchasing decisions.,"[High Income, Luxury Vehicle Interest, Sustainable Products, Eco-Conscious Consumers]","{""High Income"": [""Household Income Range $175k - $199999"", ""Household Income Range $200k - $249999"", ""Household Income Range $250k+"", ""Total Investable Assets (Modeled)""], ""Luxury Vehicle Interest"": [""Luxury Vehicle"", ""Luxury Car"", ""Luxury CUV"", ""Luxury Compact"", ""Luxury SUV""], ""Sustainable Products"": [""Green Living Attitudinal Segments"", ""Sustainability Attitude"", ""Organic/Natural Product Seekers"", ""Natural/Organic Foods"", ""Green Consumers""], ""Eco-Conscious Consumers"": [""Green Living Attitudinal Segments"", ""Sustainability Attitude"", ""Organic/Natural Product Seekers"", ""Natural/Organic Foods"", ""Green Consumers""]}",('Household Income Range $175k - $199999' OR 'Household Income Range $200k - $249999' OR 'Household Income Range $250k+' OR 'Total Investable Assets (Modeled)') AND ('Luxury Vehicle' OR 'Luxury Car' OR 'Luxury CUV' OR 'Luxury Compact' OR 'Luxury SUV') AND ('Green Living Attitudinal Segments' OR 'Sustainability Attitude' OR 'Organic/Natural Product Seekers' OR 'Natural/Organic Foods' OR 'Green Consumers'),"(['Sustainable Products', ['Environmental/Wildlife  Donation', 'Charitable Organization  Donation', 'Environmental  Donation']], ['Luxury Vehicle Interest', ['Mercedes Benz GLE Class', 'Mercedes Benz GLA Class', 'Mercedes Benz G Class']], ['Eco-Conscious Consumers', ['Environmental/Wildlife  Donation', 'Charitable Organization  Donation', 'Environmental  Donation']])",('Household Income Range $175k - $199999' OR 'Household Income Range $200k - $249999' OR 'Household Income Range $250k+' OR 'Total Investable Assets (Modeled)') AND ('Luxury Vehicle' OR 'Luxury Car' OR 'Luxury CUV' OR 'Luxury Compact' OR 'Luxury SUV') AND ('Environmental/Wildlife  Donation' OR 'Charitable Organization  Donation' OR 'Environmental  Donation') AND ('Green Living Attitudinal Segments' OR 'Sustainability Attitude' OR 'Organic/Natural Product Seekers' OR 'Natural/Organic Foods' OR 'Green Consumers'),('Household Income Range $175k - $199999' OR 'Household Income Range $200k - $249999' OR 'Household Income Range $250k+' OR 'Total Investable Assets (Modeled)') AND ('Mercedes Benz GLE Class' OR 'Mercedes Benz GLA Class' OR 'Mercedes Benz G Class') AND ('Green Living Attitudinal Segments' OR 'Sustainability Attitude' OR 'Organic/Natural Product Seekers' OR 'Natural/Organic Foods' OR 'Green Consumers'),Affluent Eco-Conscious,"Affluent individuals with a strong inclination towards luxury vehicles and a deep commitment to environmental sustainability, who prioritize high-quality, natural products and actively engage in green practices.","#### **financial**
 This audience has a high household income, ranging from $175k to over $250k, and significant investable assets including deposits, stocks, bonds, mutual funds, and retirement accounts. They are financially secure and capable of making substantial investments.

#### **auto**
 They are highly likely to own or be in the market for luxury vehicles, including luxury cars, CUVs, compact cars, and SUVs. Brands such as Acura, Audi, BMW, Cadillac, Infiniti, Jaguar, Lexus, Lincoln, Mercedes Benz, Porsche, Tesla, and Volvo are among their preferences.

#### **lifestyle**
 These individuals are deeply concerned about environmental issues and actively engage in green practices. They fall into segments such as Eco-Practitioners, who take climate change seriously and believe in the impact of individual actions, and Eco-Convenient consumers, who are willing to adopt green practices if they are convenient. They prioritize brands that demonstrate genuine green initiatives and sustainability efforts.

#### **retail**
 They seek out organic and natural products, showing a high propensity for purchasing these items. Their shopping behavior includes a preference for online deal vouchers and a focus on high-quality, natural ingredients.

#### **food & dining**
 They have a strong interest in natural and organic foods, frequently visiting websites and making purchases from domains that specialize in these products, such as naturalgrocers.com and thrivemarket.com.
",Affluent Health Enthusiasts,"High-income individuals who prioritize health and wellness, actively seeking out organic and natural products, and showing a strong interest in sustainable and eco-friendly practices.","#### **financial**
 This audience consists of individuals with a high household income, ranging from $175k to over $250k. They possess significant investable assets, including deposits, stocks, bonds, mutual funds, and retirement accounts, indicating their financial security and capability to make substantial investments.

#### **auto**
 They are likely to own or be in the market for luxury vehicles, including luxury cars, CUVs, compact cars, and SUVs. Brands such as Acura, Audi, BMW, Cadillac, Infiniti, Jaguar, Lexus, Lincoln, Mercedes Benz, Porsche, Tesla, and Volvo are among their preferences.

#### **lifestyle**
 These individuals are deeply concerned about environmental issues and actively engage in green practices. They fall into segments such as Eco-Practitioners, who take climate change seriously and believe in the impact of individual actions, and Eco-Convenient consumers, who are willing to adopt green practices if they are convenient. They prioritize brands that demonstrate genuine green initiatives and sustainability efforts.

#### **retail**
 They seek out organic and natural products, showing a high propensity for purchasing these items. Their shopping behavior includes a preference for online deal vouchers and a focus on high-quality, natural ingredients.

#### **food & dining**
 They have a strong interest in natural and organic foods, frequently visiting websites and making purchases from domains that specialize in these products, such as naturalgrocers.com and thrivemarket.com.
",Sustainable Luxury Seekers,"High-income individuals who are passionate about luxury and sustainability, actively seeking eco-friendly products and practices while maintaining a lifestyle of affluence and quality.","#### **financial**
 This audience has a high household income, typically ranging from $175k to over $250k, and possesses significant investable assets including deposits, stocks, bonds, mutual funds, and retirement accounts. Their financial security allows them to make substantial investments and spend on premium products and services.

#### **auto**
 They are likely to own or be in the market for luxury vehicles, particularly models from brands such as Mercedes Benz, including the GLE Class, GLA Class, and G Class. Their preference for high-end cars reflects their affluent lifestyle and desire for quality and performance.

#### **lifestyle**
 These individuals are deeply concerned about environmental issues and actively engage in green practices. They fall into segments such as Eco-Practitioners, who take climate change seriously and believe in the impact of individual actions, and Eco-Convenient consumers, who are willing to adopt green practices if they are convenient. They prioritize brands that demonstrate genuine green initiatives and sustainability efforts.

#### **retail**
 They seek out organic and natural products, showing a high propensity for purchasing these items. Their shopping behavior includes a preference for online deal vouchers and a focus on high-quality, natural ingredients. They are likely to shop at stores and websites that specialize in organic and natural products.

#### **food & dining**
 They have a strong interest in natural and organic foods, frequently visiting websites and making purchases from domains that specialize in these products, such as naturalgrocers.com and thrivemarket.com. Their dietary choices reflect their commitment to health and sustainability.
",('Household Income Range $175k - $199999' OR 'Household Income Range $200k - $249999' OR 'Household Income Range $250k+' OR 'Total Investable Assets (Modeled)') AND ('Luxury Vehicle' OR 'Luxury Car' OR 'Luxury CUV' OR 'Luxury Compact' OR 'Luxury SUV') AND ('Green Living Attitudinal Segments' OR 'Sustainability Attitude' OR 'Organic/Natural Product Seekers' OR 'Natural/Organic Foods' OR 'Green Consumers'),('Household Income Range $175k - $199999' OR 'Household Income Range $200k - $249999' OR 'Household Income Range $250k+' OR 'Total Investable Assets (Modeled)') AND ('Luxury Vehicle' OR 'Luxury Car' OR 'Luxury CUV' OR 'Luxury Compact' OR 'Luxury SUV') AND ('Environmental/Wildlife  Donation' OR 'Charitable Organization  Donation' OR 'Environmental  Donation') AND ('Green Living Attitudinal Segments' OR 'Sustainability Attitude' OR 'Organic/Natural Product Seekers' OR 'Natural/Organic Foods' OR 'Green Consumers'),('Household Income Range $175k - $199999' OR 'Household Income Range $200k - $249999' OR 'Household Income Range $250k+' OR 'Total Investable Assets (Modeled)') AND ('Mercedes Benz GLE Class' OR 'Mercedes Benz GLA Class' OR 'Mercedes Benz G Class') AND ('Green Living Attitudinal Segments' OR 'Sustainability Attitude' OR 'Organic/Natural Product Seekers' OR 'Natural/Organic Foods' OR 'Green Consumers')
People who are passionate about fitness and prioritize their health and well-being. They care about high-quality athletic gear and apparel that can enhance their performance and provide durability.,"[Fitness Enthusiasts, Health Conscious, Athletic Apparel, Performance Enhancement, Durability, High Quality]","{""Fitness Enthusiasts"": [""Exercise Programming on TV"", ""Exercise"", ""Fitness Score"", ""Aerobics"", ""Sports""], ""Health Conscious"": [""Health/Medical Topics"", ""Health and Wellness Attitude"", ""Health and Nutrition Products"", ""Health Magazines"", ""Exercise/Health""], ""Athletic Apparel"": [""Sports Apparel"", ""Apparel"", ""Women's Apparel"", ""Men's Apparel"", ""Sports Apparel Retailers""], ""Performance Enhancement"": [""Performance Vehicles"", ""Performance Enhancement"", ""Sports/Outdoors Equipment""], ""Durability"": [""Durability"", ""High Quality""], ""High Quality"": [""Upscale Merchandise"", ""Luxury Attitude"", ""High Quality"", ""Quality First Shoppers"", ""High-End Appliances""]}","('Exercise Programming on TV' OR 'Exercise' OR 'Fitness Score' OR 'Aerobics' OR 'Sports') AND ('Health/Medical Topics' OR 'Health and Wellness Attitude' OR 'Health and Nutrition Products' OR 'Health Magazines' OR 'Exercise/Health') AND ('Sports Apparel' OR 'Apparel' OR ""Women's Apparel"" OR ""Men's Apparel"" OR 'Sports Apparel Retailers') AND ('Performance Vehicles' OR 'Performance Enhancement' OR 'Sports/Outdoors Equipment') AND ('Durability' OR 'High Quality') AND ('Upscale Merchandise' OR 'Luxury Attitude' OR 'Quality First Shoppers' OR 'High-End Appliances')","(['Athletic Apparel', ['Sports Apparel Retailers - Hibbett Sports', 'Sports Apparel Retailers - Quiksilver', 'Sports Apparel Retailers - JD Sports']], ['High Quality', [""Apparel Retailers - Men's Wearhouse"", 'Female-Oriented Merchandise', ""Men's and Women's Apparel/Accessories""]], ['Performance Enhancement', ['Recreation/Utility ATV', 'ATV', 'Sport ATV']], ['Fitness Enthusiasts', ['Sports on TV', 'Games on TV', 'Action Sports on TV']], ['Health Conscious', [""Women's Preventive Care"", ""Men's Interest Magazines"", ""Men's Preventive Care""]])",('Exercise Programming on TV' OR 'Exercise' OR 'Fitness Score' OR 'Aerobics' OR 'Sports') AND ('Health/Medical Topics' OR 'Health and Wellness Attitude' OR 'Health and Nutrition Products' OR 'Health Magazines' OR 'Exercise/Health') AND ('Sports Apparel Retailers - Hibbett Sports' OR 'Sports Apparel Retailers - Quiksilver' OR 'Sports Apparel Retailers - JD Sports') AND ('Performance Vehicles' OR 'Performance Enhancement' OR 'Sports/Outdoors Equipment') AND ('Durability' OR 'High Quality') AND ('Upscale Merchandise' OR 'Luxury Attitude' OR 'Quality First Shoppers' OR 'High-End Appliances'),"('Exercise Programming on TV' OR 'Exercise' OR 'Fitness Score' OR 'Aerobics' OR 'Sports') AND ('Health/Medical Topics' OR 'Health and Wellness Attitude' OR 'Health and Nutrition Products' OR 'Health Magazines' OR 'Exercise/Health') AND ('Sports Apparel' OR 'Apparel' OR ""Women's Apparel"" OR ""Men's Apparel"" OR 'Sports Apparel Retailers') AND ('Performance Vehicles' OR 'Performance Enhancement' OR 'Sports/Outdoors Equipment') AND ('Durability' OR 'High Quality') AND (""Apparel Retailers - Men's Wearhouse"" OR 'Female-Oriented Merchandise' OR ""Men's and Women's Apparel/Accessories"")",Health Enthusiasts,"Health Enthusiasts are individuals who prioritize their health and fitness, actively engage in exercise, and invest in health and wellness products. They are interested in maintaining a healthy lifestyle through regular physical activity, purchasing premium sports apparel, and staying informed about health and medical topics.","#### **sports/outdoors**
 Health Enthusiasts are deeply engaged in various forms of exercise, including aerobics and other fitness activities. They frequently watch exercise programming on TV and are top buyers of hydrating sports drinks. They also show a high propensity for online interest in exercise-related content and regularly purchase sports and outdoor equipment.

#### **health**
 This audience has a high fitness score, indicating they are very active and maintain a healthy lifestyle. They are interested in health and medical topics and are likely to purchase health and nutrition products, including vitamins, supplements, and self-treatment items. Health Enthusiasts are model patients who prioritize preventive healthcare and follow medical advice diligently. They also exhibit a strong interest in maintaining their health and wellness.

#### **apparel**
 Health Enthusiasts prefer premium sports apparel brands and are willing to invest in high-quality, durable clothing for their fitness activities. They value the performance and reputation of brands like Patagonia and Vuori Clothing.

#### **lifestyle**
 This audience segment includes individuals who are quality seekers, valuing luxury products and services for their quality rather than to impress others. They are likely to splurge on travel, dining out, and other experiences that enhance their lifestyle. They conduct extensive research before making major purchases and are influenced by social and religious factors.

#### **home**
 Health Enthusiasts also invest in high-end household appliances, indicating a preference for quality and performance in all aspects of their lives. They are likely to purchase premium appliances that support their healthy lifestyle.
",Quality Seekers,"Quality Seekers are individuals who prioritize high-quality products and services, often splurging on luxury items and experiences. They conduct extensive research before making major purchases and are influenced by social and religious factors. This audience values performance and reputation in the brands they choose, and they are willing to invest in premium items across various categories, including health, fitness, and home appliances.","#### **sports/outdoors**
 Quality Seekers are engaged in various forms of exercise, including aerobics and other fitness activities. They frequently watch exercise programming on TV and are top buyers of hydrating sports drinks. They also show a high propensity for online interest in exercise-related content and regularly purchase sports and outdoor equipment.

#### **health**
 This audience has a high fitness score, indicating they are very active and maintain a healthy lifestyle. They are interested in health and medical topics and are likely to purchase health and nutrition products, including vitamins, supplements, and self-treatment items. Quality Seekers are model patients who prioritize preventive healthcare and follow medical advice diligently. They also exhibit a strong interest in maintaining their health and wellness.

#### **apparel**
 Quality Seekers prefer premium sports apparel brands and are willing to invest in high-quality, durable clothing for their fitness activities. They value the performance and reputation of brands and are likely to choose items that enhance their active lifestyle.

#### **lifestyle**
 This audience segment includes individuals who are quality seekers, valuing luxury products and services for their quality rather than to impress others. They are likely to splurge on travel, dining out, and other experiences that enhance their lifestyle. They conduct extensive research before making major purchases and are influenced by social and religious factors.

#### **home**
 Quality Seekers also invest in high-end household appliances, indicating a preference for quality and performance in all aspects of their lives. They are likely to purchase premium appliances that support their healthy lifestyle.
",Active Lifestyle Seekers,"Active Lifestyle Seekers are individuals who lead dynamic lives, prioritizing physical activity, health, and wellness. They are engaged in various forms of exercise, invest in premium sports apparel, and maintain a high interest in health and medical topics. This audience values quality and performance in the products they choose, making informed decisions based on extensive research.","#### **sports/outdoors**
 Active Lifestyle Seekers are highly engaged in exercise and outdoor activities. They frequently watch exercise programming on TV, with a preference for shows like Sit and Be Fit, Pumped, and Namaste Yoga. They are top buyers of hydrating sports drinks such as Propel, Liquid IV, and Gatorade, and show a high propensity for online interest in exercise-related content on domains like livestrong.com, fitbit.com, and active.com. Additionally, they regularly purchase sports and outdoor equipment, including items for activities like camping, hiking, cycling, and fitness.

#### **health**
 This audience has a high fitness score, indicating they are very active and maintain a healthy lifestyle. They are interested in health and medical topics and are likely to purchase health and nutrition products, including vitamins, supplements, and self-treatment items. Active Lifestyle Seekers are model patients who prioritize preventive healthcare and follow medical advice diligently. They also exhibit a strong interest in maintaining their health and wellness, with a focus on both physical and mental well-being.

#### **apparel**
 Active Lifestyle Seekers prefer premium sports apparel brands and are willing to invest in high-quality, durable clothing for their fitness activities. They value the performance and reputation of brands like Patagonia and Vuori Clothing, ensuring their apparel supports their active lifestyle.

#### **lifestyle**
 This audience segment includes individuals who value quality and performance in the products and services they choose. They are likely to splurge on travel, dining out, and other experiences that enhance their lifestyle. They conduct extensive research before making major purchases and are influenced by social and religious factors. Active Lifestyle Seekers are quality seekers who prioritize luxury products and services for their quality rather than to impress others.

#### **home**
 Active Lifestyle Seekers also invest in high-end household appliances, indicating a preference for quality and performance in all aspects of their lives. They are likely to purchase premium appliances that support their healthy lifestyle, ensuring their home environment aligns with their wellness goals.
","('Exercise Programming on TV' OR 'Exercise' OR 'Fitness Score' OR 'Aerobics' OR 'Sports') AND ('Health/Medical Topics' OR 'Health and Wellness Attitude' OR 'Health and Nutrition Products' OR 'Health Magazines' OR 'Exercise/Health') AND ('Sports Apparel' OR 'Apparel' OR ""Women's Apparel"" OR ""Men's Apparel"" OR 'Sports Apparel Retailers') AND ('Performance Vehicles' OR 'Performance Enhancement' OR 'Sports/Outdoors Equipment') AND ('Durability' OR 'High Quality') AND ('Upscale Merchandise' OR 'Luxury Attitude' OR 'Quality First Shoppers' OR 'High-End Appliances')",('Exercise Programming on TV' OR 'Exercise' OR 'Fitness Score' OR 'Aerobics' OR 'Sports') AND ('Health/Medical Topics' OR 'Health and Wellness Attitude' OR 'Health and Nutrition Products' OR 'Health Magazines' OR 'Exercise/Health') AND ('Sports Apparel Retailers - Hibbett Sports' OR 'Sports Apparel Retailers - Quiksilver' OR 'Sports Apparel Retailers - JD Sports') AND ('Performance Vehicles' OR 'Performance Enhancement' OR 'Sports/Outdoors Equipment') AND ('Durability' OR 'High Quality') AND ('Upscale Merchandise' OR 'Luxury Attitude' OR 'Quality First Shoppers' OR 'High-End Appliances'),"('Exercise Programming on TV' OR 'Exercise' OR 'Fitness Score' OR 'Aerobics' OR 'Sports') AND ('Health/Medical Topics' OR 'Health and Wellness Attitude' OR 'Health and Nutrition Products' OR 'Health Magazines' OR 'Exercise/Health') AND ('Sports Apparel' OR 'Apparel' OR ""Women's Apparel"" OR ""Men's Apparel"" OR 'Sports Apparel Retailers') AND ('Performance Vehicles' OR 'Performance Enhancement' OR 'Sports/Outdoors Equipment') AND ('Durability' OR 'High Quality') AND (""Apparel Retailers - Men's Wearhouse"" OR 'Female-Oriented Merchandise' OR ""Men's and Women's Apparel/Accessories"")"
Athletes who are constantly pushing themselves and striving to compete at the highest level. They are driven by a desire for continuous improvement.,"[High Performance, Competitive, Driven, Ambitious, Fitness, Health Conscious, Goal-Oriented, Self-Motivation]","{""High Performance"": [""Aspirational Risk-Takers"", ""Performance Vehicles""], ""Competitive"": [""Sports on TV"", ""Motorsports on TV"", ""Sports/Outdoors"", ""Sports/Outdoors Equipment"", ""Sports Events""], ""Driven"": [""Aspirational Risk-Takers"", ""Goal-Oriented"", ""Self-Motivation""], ""Ambitious"": [""Aspirational Risk-Takers"", ""Goal-Oriented""], ""Fitness"": [""Exercise Programming on TV"", ""Exercise"", ""Aerobics"", ""Bodybuilding"", ""Bodybuilding on TV"", ""Gymnastics on TV"", ""Weightlifting on TV""], ""Health Conscious"": [""Health/Medical Topics"", ""Health and Wellness Attitude"", ""Health and Nutrition Products"", ""Exercise/Health"", ""Health Magazines"", ""Women's Preventive Care"", ""Men's Preventive Care"", ""Attitude Toward Health and Wellness""], ""Goal-Oriented"": [""Aspirational Risk-Takers"", ""Driven"", ""Ambitious"", ""Self-Motivation""], ""Self-Motivation"": [""Goal-Oriented"", ""Driven"", ""Ambitious""]}","('Aspirational Risk-Takers' OR 'Performance Vehicles') AND ('Sports on TV' OR 'Motorsports on TV' OR 'Sports/Outdoors' OR 'Sports/Outdoors Equipment' OR 'Sports Events') AND ('Goal-Oriented' OR 'Self-Motivation') AND ('Exercise Programming on TV' OR 'Exercise' OR 'Aerobics' OR 'Bodybuilding' OR 'Bodybuilding on TV' OR 'Gymnastics on TV' OR 'Weightlifting on TV') AND ('Health/Medical Topics' OR 'Health and Wellness Attitude' OR 'Health and Nutrition Products' OR 'Exercise/Health' OR 'Health Magazines' OR ""Women's Preventive Care"" OR ""Men's Preventive Care"" OR 'Attitude Toward Health and Wellness') AND ('Driven' OR 'Ambitious')","(['Fitness', ['Games on TV', 'Extreme Sports on TV', 'Action Sports on TV']], ['High Performance', ['Self-Improvement', 'Career Improvement', 'Self-improvement']], ['Ambitious', ['Self-Improvement', 'Career Improvement', 'Self-improvement']], ['Health Conscious', ['Psychology', 'Literature', 'Psychology/Psychiatry']], ['Driven', ['Self-Improvement', 'Career Improvement', 'Self-improvement']], ['Goal-Oriented', ['Self-Improvement', 'Career Improvement', 'Self-improvement']], ['Competitive', ['Basketball on TV', 'Tennis on TV', 'Volleyball on TV']])","('Aspirational Risk-Takers' OR 'Performance Vehicles') AND ('Sports on TV' OR 'Motorsports on TV' OR 'Sports/Outdoors' OR 'Sports/Outdoors Equipment' OR 'Sports Events') AND ('Goal-Oriented' OR 'Self-Motivation') AND ('Games on TV' OR 'Extreme Sports on TV' OR 'Action Sports on TV') AND ('Health/Medical Topics' OR 'Health and Wellness Attitude' OR 'Health and Nutrition Products' OR 'Exercise/Health' OR 'Health Magazines' OR ""Women's Preventive Care"" OR ""Men's Preventive Care"" OR 'Attitude Toward Health and Wellness') AND ('Driven' OR 'Ambitious')","('Self-Improvement' OR 'Career Improvement' OR 'Self-improvement') AND ('Sports on TV' OR 'Motorsports on TV' OR 'Sports/Outdoors' OR 'Sports/Outdoors Equipment' OR 'Sports Events') AND ('Aspirational Risk-Takers' OR 'Goal-Oriented' OR 'Self-Motivation') AND ('Exercise Programming on TV' OR 'Exercise' OR 'Aerobics' OR 'Bodybuilding' OR 'Bodybuilding on TV' OR 'Gymnastics on TV' OR 'Weightlifting on TV') AND ('Health/Medical Topics' OR 'Health and Wellness Attitude' OR 'Health and Nutrition Products' OR 'Exercise/Health' OR 'Health Magazines' OR ""Women's Preventive Care"" OR ""Men's Preventive Care"" OR 'Attitude Toward Health and Wellness') AND ('Driven' OR 'Ambitious')",Active Health Enthusiasts,"This audience consists of individuals who are highly engaged in both physical activities and maintaining their health. They have a strong interest in sports, outdoor activities, and exercise, and they prioritize their health through proactive measures and purchases related to health and wellness.","#### **auto**
 This audience shows a notable interest in performance vehicles, frequently visiting websites like hotrod.com, americanmuscle.com, and corvetteforum.com. They are likely to be enthusiasts of specialty vehicles, particularly those that offer high performance.

#### **sports/outdoors**
 These individuals are avid sports fans, spending significant time watching sports on TV, including motorsports, and have a high interest in various sports events. They are likely to attend live sports events more frequently than the average fan. Their interest extends to purchasing sports and outdoor equipment from online retailers such as dickssportinggoods.com and rei.com. They also engage in a variety of outdoor activities, from camping and hiking to fitness and body shaping. Additionally, they show a strong interest in exercise and health, often visiting websites like livestrong.com and fitbit.com, and watching exercise programming on TV.

#### **health**
 Health is a top priority for this audience. They are proactive in maintaining their health, regularly visiting doctors, taking vitamins and supplements, and following healthy diets. They spend significantly on health and nutrition products, including vitamins, supplements, and health-related books and magazines. This group includes 'Model Patients' who are highly engaged in preventive healthcare and 'Selfcare Seekers' who are aware of their health shortcomings but may not currently engage in proactive health measures due to other priorities.
",Tech-Savvy Gamers,"This audience is composed of individuals who are deeply engaged in the gaming world and technology. They spend significant time watching gaming content on TV, are interested in the latest tech gadgets, and are likely to invest in high-performance gaming equipment and accessories.","#### **entertainment**
 Tech-Savvy Gamers are highly engaged in gaming-related content, spending a considerable amount of time watching programs such as ELEAGUE Super Punch, Cash Explosion, and Inside Military eSports. They are also likely to follow extreme sports on TV, including shows like American Ninja Warrior, 30 for 30, and X Games California 2023. This audience enjoys action-packed content and is drawn to high-energy, competitive environments.

#### **technology**
 This group has a strong interest in the latest technology and gadgets. They are early adopters of new tech products and are likely to invest in high-performance gaming equipment, including consoles, PCs, and accessories. Their interest in technology extends to staying updated with the latest trends and innovations in the tech world.

#### **lifestyle**
 Tech-Savvy Gamers lead a lifestyle that revolves around their passion for gaming and technology. They are likely to participate in online gaming communities, attend gaming conventions, and follow gaming influencers on social media. Their social interactions and leisure activities are heavily influenced by their gaming interests, making them a highly connected and engaged audience.
",Self-Improvement Seekers,"This audience is composed of individuals who are deeply invested in personal growth and self-improvement. They are avid consumers of content related to career enhancement, mental well-being, and physical health, and they actively seek out resources and communities that support their journey towards a better self.","#### **interests**
 Self-Improvement Seekers have a strong online interest in self-improvement topics, frequently visiting websites such as lifehack.org, developgoodhabits.com, and psychologytoday.com. They are dedicated to enhancing various aspects of their lives, from mental well-being to personal productivity and success. This audience is likely to consume content that offers practical advice and motivational insights to help them achieve their goals.

#### **lifestyle**
 Career improvement is a significant focus for this audience, with someone in the household actively pursuing opportunities for professional growth. They are likely to engage in activities that support their career advancement, such as attending workshops, enrolling in online courses, and networking with like-minded professionals. Their lifestyle reflects a commitment to continuous learning and self-betterment.

#### **media**
 Self-Improvement Seekers spend a considerable amount of time watching self-improvement programs on TV, such as Iyanla, Fix My Life, and Super Soul Sunday. These programs provide them with inspiration and practical advice on how to navigate personal challenges and improve their lives. Their media consumption habits indicate a preference for content that is both educational and motivational.

#### **sports/outdoors**
 While their primary focus is on self-improvement, this audience also shows an interest in sports and outdoor activities. They enjoy watching sports on TV and may participate in various physical activities to maintain their health and well-being. Their interest in sports extends to purchasing related equipment and attending live sports events, reflecting a balanced approach to personal growth that includes physical fitness.

#### **health**
 Health and wellness are top priorities for Self-Improvement Seekers. They are proactive in maintaining their health, regularly visiting doctors, taking vitamins and supplements, and following healthy diets. This audience includes 'Model Patients' who are highly engaged in preventive healthcare and 'Selfcare Seekers' who are aware of their health shortcomings but may not currently engage in proactive health measures due to other priorities. They spend significantly on health and nutrition products, including vitamins, supplements, and health-related books and magazines.
","('Aspirational Risk-Takers' OR 'Performance Vehicles') AND ('Sports on TV' OR 'Motorsports on TV' OR 'Sports/Outdoors' OR 'Sports/Outdoors Equipment' OR 'Sports Events') AND ('Goal-Oriented' OR 'Self-Motivation') AND ('Exercise Programming on TV' OR 'Exercise' OR 'Aerobics' OR 'Bodybuilding' OR 'Bodybuilding on TV' OR 'Gymnastics on TV' OR 'Weightlifting on TV') AND ('Health/Medical Topics' OR 'Health and Wellness Attitude' OR 'Health and Nutrition Products' OR 'Exercise/Health' OR 'Health Magazines' OR ""Women's Preventive Care"" OR ""Men's Preventive Care"" OR 'Attitude Toward Health and Wellness') AND ('Driven' OR 'Ambitious')","('Aspirational Risk-Takers' OR 'Performance Vehicles') AND ('Sports on TV' OR 'Motorsports on TV' OR 'Sports/Outdoors' OR 'Sports/Outdoors Equipment' OR 'Sports Events') AND ('Goal-Oriented' OR 'Self-Motivation') AND ('Games on TV' OR 'Extreme Sports on TV' OR 'Action Sports on TV') AND ('Health/Medical Topics' OR 'Health and Wellness Attitude' OR 'Health and Nutrition Products' OR 'Exercise/Health' OR 'Health Magazines' OR ""Women's Preventive Care"" OR ""Men's Preventive Care"" OR 'Attitude Toward Health and Wellness') AND ('Driven' OR 'Ambitious')","('Self-Improvement' OR 'Career Improvement' OR 'Self-improvement') AND ('Sports on TV' OR 'Motorsports on TV' OR 'Sports/Outdoors' OR 'Sports/Outdoors Equipment' OR 'Sports Events') AND ('Aspirational Risk-Takers' OR 'Goal-Oriented' OR 'Self-Motivation') AND ('Exercise Programming on TV' OR 'Exercise' OR 'Aerobics' OR 'Bodybuilding' OR 'Bodybuilding on TV' OR 'Gymnastics on TV' OR 'Weightlifting on TV') AND ('Health/Medical Topics' OR 'Health and Wellness Attitude' OR 'Health and Nutrition Products' OR 'Exercise/Health' OR 'Health Magazines' OR ""Women's Preventive Care"" OR ""Men's Preventive Care"" OR 'Attitude Toward Health and Wellness') AND ('Driven' OR 'Ambitious')"
